Wall time,Step,Value
1743574487.1151662,0,77.22772216796875
1743575967.0162911,1,85.00707244873047
1743577452.5429616,2,85.14851379394531
1743578932.1275702,3,87.12870788574219
1743580406.4394755,4,87.12870788574219
1743581889.8937857,5,89.53324127197266
1743583371.0368192,6,91.37199401855469
1743584852.9626415,7,91.089111328125
1743586334.5570843,8,90.38189697265625
1743587815.6618729,9,91.51343536376953
1743589293.0394382,10,90.66477966308594
1743590770.1482866,11,91.51343536376953
1743592236.0919979,12,90.2404556274414
1743593709.372586,13,90.94766235351562
1743595183.1424253,14,90.38189697265625
1743596650.0026236,15,91.79631805419922
1743598111.9850993,16,91.37199401855469
1743599580.6262956,17,89.95756530761719
1743601047.4173708,18,92.07920837402344
1743602516.2429712,19,91.65487670898438
1743603983.456059,20,92.07920837402344
1743605449.778287,21,91.65487670898438
1743606925.0961726,22,92.92786407470703
1743608391.6268353,23,92.22064971923828
1743609868.6524749,24,92.22064971923828
1743611341.5192223,25,92.36209106445312
1743612816.8314364,26,91.51343536376953
1743614296.7048006,27,93.21075439453125
1743615780.837034,28,92.64497375488281
1743617260.75101,29,93.3521957397461
1743618741.5876334,30,93.77651977539062
1743620223.0691597,31,92.92786407470703
1743621718.2582316,32,94.20085144042969
1743623727.1940463,33,92.50353240966797
1743625654.855451,34,94.20085144042969
1743627638.345681,35,91.93775939941406
1743629535.3277755,36,93.3521957397461
1743632324.8216522,37,93.3521957397461
1743633925.3113468,38,93.63507843017578
1743635448.829155,39,93.77651977539062
