Wall time,Step,Value
1743574487.115204,0,0.46641790866851807
1743575967.0163276,1,0.7201492786407471
1743577452.5429983,2,0.7238805890083313
1743578932.1276076,3,0.7350746393203735
1743580406.439511,4,0.9179104566574097
1743581889.8938277,5,0.8992537260055542
1743583371.0368578,6,0.9067164063453674
1743584852.9626865,7,0.8992537260055542
1743586334.5571208,8,0.9253731369972229
1743587815.6619303,9,0.8843283653259277
1743589293.039475,10,0.8731343150138855
1743590770.1483235,11,0.9141790866851807
1743592236.0920336,12,0.8656716346740723
1743593709.3726354,13,0.8171641826629639
1743595183.1424608,14,0.9179104566574097
1743596650.0026772,15,0.891791045665741
1743598111.9851372,16,0.9179104566574097
1743599580.626331,17,0.9179104566574097
1743601047.4174259,18,0.9216417670249939
1743602516.243025,19,0.888059675693512
1743603983.4560995,20,0.8320895433425903
1743605449.778326,21,0.8805969953536987
1743606925.096224,22,0.9477611780166626
1743608391.6268992,23,0.8768656849861145
1743609868.6525211,24,0.9291045069694519
1743611341.51926,25,0.891791045665741
1743612816.831475,26,0.8507462739944458
1743614296.7048385,27,0.9104477763175964
1743615780.8370702,28,0.9067164063453674
1743617260.7510478,29,0.8992537260055542
1743618741.587669,30,0.9067164063453674
1743620223.0691957,31,0.891791045665741
1743621718.2583196,32,0.9067164063453674
1743623727.1940858,33,0.8694030046463013
1743625654.8554902,34,0.9029850959777832
1743627638.3457475,35,0.8768656849861145
1743629535.3278131,36,0.888059675693512
1743632324.821693,37,0.89552241563797
1743633925.3113868,38,0.888059675693512
1743635448.8291893,39,0.9141790866851807
