Wall time,Step,Value
1743574487.115187,0,0.8741258978843689
1743575967.0163114,1,0.8616071343421936
1743577452.5429819,2,0.8622221946716309
1743578932.1275904,3,0.9078341126441956
1743580406.4394953,4,0.7809523940086365
1743581889.893809,5,0.8368055820465088
1743583371.0368397,6,0.8709677457809448
1743584852.9626672,7,0.8700361251831055
1743586334.5571036,8,0.837837815284729
1743587815.6619062,9,0.8909774422645569
1743589293.0394588,10,0.8796992301940918
1743590770.1483052,11,0.868794322013855
1743592236.0920174,12,0.8754717111587524
1743593709.372612,13,0.9358974099159241
1743595183.142445,14,0.8424657583236694
1743596650.0026522,15,0.891791045665741
1743598111.9851193,16,0.8631578683853149
1743599580.6263144,17,0.8338983058929443
1743601047.4174001,18,0.8758864998817444
1743602516.2429988,19,0.8913857936859131
1743603983.4560816,20,0.9529914259910583
1743605449.7783077,21,0.8973383903503418
1743606925.0962,22,0.8758620619773865
1743608391.6268647,23,0.9143968820571899
1743609868.6525033,24,0.8736842274665833
1743611341.5192432,25,0.9053030014038086
1743612816.8314583,26,0.9193548560142517
1743614296.704821,27,0.9104477763175964
1743615780.837054,28,0.8999999761581421
1743617260.7510304,29,0.9233716726303101
1743618741.5876532,30,0.927480936050415
1743620223.0691795,31,0.9192307591438293
1743621718.258282,32,0.9382239580154419
1743623727.1940682,33,0.9282868504524231
1743625654.8554726,34,0.9416342377662659
1743627638.345716,35,0.9073359370231628
1743629535.3277962,36,0.9333333373069763
1743632324.8216758,37,0.9266409277915955
1743633925.3113694,38,0.9407114386558533
1743635448.829174,39,0.9210526347160339
